,ratio,share,paid,open
person1,0.6666666666666666,16.0,6.0,10.0
person2,0.3333333333333333,8.0,18.0,-10.0
